"TERYT","POPULACJA","APPROX_PERCENTAGE"
"020101",40119,0.393476044852192
"020102",13714,0.521141649048626
"020103",5491,0.455266955266955
"020104",15287,0.589636305117477
"020105",7547,0.497155049786629
"020106",8370,0.454644808743169
"020201",31583,0.437362637362637
"020202",34838,0.472439512461342
"020203",9688,0.52569018404908
"020204",6776,0.506658595641647
"020205",9413,0.580972367960825
"020206",7596,0.595539787126204
"020207",5868,0.541385652973636
"020301",69259,0.494100496560521
"020302",6363,0.567708333333333
"020303",4319,0.483660130718954
"020304",4341,0.575854700854701
"020305",2359,0.553113553113553
"020306",3608,0.663945578231293
"020401",20855,0.54915785350568
"020402",3180,0.657187993680885
"020403",5175,0.679586563307494
"020404",7520,0.562137797810689
"020501",24240,0.591074558446811
"020502",11085,0.49810279406692
"020503",4955,0.68937875751503
"020504",4198,0.561359867330017
"020505",4019,0.668911335578002
"020506",4106,0.588028169014085
"020601",4999,0.335912314635719
"020602",11735,0.435955056179775
"020603",6552,0.487625065824118
"020604",6956,0.400907029478458
"020605",4309,0.430950048971596
"020606",6866,0.452702702702703
"020607",10193,0.429151291512915
"020608",8156,0.442336495257114
"020609",5371,0.451418744625967
"020701",20553,0.500767525157769
"020702",9006,0.563956252971945
"020703",11560,0.509924215084807
"020704",4716,0.550621669626998
"020801",4995,0.363193174893358
"020802",28581,0.410754446943365
"020803",10379,0.463943841735801
"020804",23761,0.412814645308924
"020805",6771,0.495956873315364
"020806",19794,0.504409476050493
"020807",17236,0.323071284588602
"020808",8791,0.433241433635289
"020809",1990,0.545073375262054
"020810",7570,0.498748122183275
"020811",12212,0.507094594594595
"020812",9448,0.546789760805707
"020813",7801,0.420163766632549
"020814",7514,0.344036697247706
"020901",14285,0.519041278295606
"020902",9475,0.698512843623254
"020903",3192,0.73525721455458
"020904",6021,0.459149223497637
"020905",5172,0.554489973844813
"020906",6322,0.579047619047619
"020907",7544,0.359078590785908
"020908",2733,0.649230769230769
"021001",22223,0.475183553597651
"021002",4452,0.467706013363029
"021003",10566,0.526011560693642
"021004",6532,0.610850636302746
"021005",6676,0.442953020134228
"021006",1673,0.599164926931106
"021007",4610,0.578734858681023
"021101",75147,0.418447785453068
"021102",13750,0.405194805194805
"021103",7569,0.424725822532403
"021104",10500,0.566679118416137
"021201",10218,0.385327899221934
"021202",6228,0.456781914893617
"021203",18049,0.484723179416494
"021204",8969,0.506499759268175
"021205",4413,0.511469838572642
"021301",4704,0.534382767191384
"021302",8249,0.583563154991726
"021303",24576,0.501246151590676
"021401",37191,0.506116617555139
"021402",10311,0.496835443037975
"021403",6359,0.51978277734678
"021404",4656,0.594339622641509
"021405",5122,0.562563580874873
"021406",12483,0.591479820627803
"021407",16494,0.69239250275634
"021408",13032,0.551649928263989
"021501",31959,0.464552796889022
"021502",5365,0.641495041952708
"021503",22976,0.544288645690834
"021504",14851,0.569787478460655
"021601",13115,0.640143737166324
"021602",3965,0.588089330024814
"021603",5301,0.546928327645051
"021604",27235,0.44014136356943
"021605",8863,0.557113187954309
"021606",4642,0.493775933609959
"021701",5289,0.524344569288389
"021702",4562,0.308518802762855
"021703",5106,0.549150036954915
"021704",22198,0.425143953934741
"021705",7497,0.64294049008168
"021801",7162,0.512803676953381
"021802",6101,0.592996108949416
"021803",13514,0.516092814371258
"021804",19539,0.503374700631396
"021805",5466,0.639461883408072
"021901",60213,0.474405522884173
"021902",23287,0.49063194664973
"021903",5430,0.641686182669789
"021904",10496,0.623758734828981
"021905",6511,0.616264294790343
"021906",27048,0.481216708718811
"021907",16498,0.593849416755037
"021908",12662,0.372822299651568
"022001",19343,0.50737522731865
"022002",9385,0.586109542631282
"022003",23087,0.49130508188418
"022004",9429,0.551971326164875
"022005",5755,0.592627599243856
"022006",15016,0.423988439306358
"022101",16520,0.435483870967742
"022102",5071,0.423976608187135
"022103",5946,0.367549668874172
"022104",4855,0.498899486426999
"022105",9112,0.447125932426503
"022106",7313,0.342840844266971
"022107",4256,0.470093457943925
"022108",5748,0.46231884057971
"022109",119955,0.396580191979403
"022201",16256,0.440656296611975
"022202",8638,0.611924119241192
"022203",22905,0.517889630078836
"022301",12186,0.515287099179717
"022302",24704,0.533308591575431
"022303",3132,0.559814169570267
"022304",21491,0.529826014913007
"022305",17268,0.53017852082743
"022306",3864,0.516279069767442
"022307",12769,0.513478402078597
"022308",16781,0.513357899585445
"022309",9456,0.516712328767123
"022401",5552,0.474871134020619
"022402",3121,0.597122302158273
"022403",8541,0.561792863359443
"022404",5555,0.484516129032258
"022405",23016,0.46952947845805
"022406",18211,0.558326105810928
"022407",4811,0.426136363636364
"022501",4359,0.481395348837209
"022502",32446,0.425018982536067
"022503",24832,0.425769506084467
"022504",9353,0.515911282545805
"022505",6148,0.56551255940258
"022506",8811,0.469923111714156
"022507",8256,0.585352422907489
"022601",3911,0.482185273159145
"022602",16500,0.450838335748292
"022603",4693,0.554716981132075
"022604",7821,0.453892876863611
"022605",5553,0.64249684741488
"022606",7135,0.616125150421179
"026101",83463,0.423227383863081
"026201",102979,0.491895068984718
"026401",631235,0.410990300441503
"040101",12565,0.448917352851479
"040102",10880,0.482414242292662
"040103",2011,0.499334221038615
"040104",11494,0.590844062947067
"040105",4471,0.638376383763838
"040106",3340,0.723981900452489
"040107",3202,0.614080834419817
"040108",4583,0.678468899521531
"040109",3653,0.629817444219067
"040201",28506,0.587443946188341
"040202",6251,0.677070063694267
"040203",7441,0.678714859437751
"040204",3746,0.6419624217119
"040205",3955,0.55506993006993
"040206",4714,0.606492478226445
"040207",9121,0.632174277335568
"040208",4096,0.569826707441386
"040209",5209,0.338656021290752
"040210",4712,0.512558869701727
"040301",18081,0.43633227939063
"040302",7792,0.594031922276197
"040303",10396,0.526593195975084
"040304",24052,0.53421506612996
"040305",9363,0.478180700676091
"040306",11633,0.437900641025641
"040307",9613,0.529522909777988
"040308",16748,0.496379525593009
"040401",20868,0.490121442813123
"040402",5538,0.614495798319328
"040403",4399,0.66859344894027
"040404",5331,0.638370118845501
"040405",4435,0.646315789473684
"040406",5173,0.681025641025641
"040407",7004,0.612475116124751
"040501",12953,0.634280742459397
"040502",4022,0.699453551912568
"040503",8411,0.714368147720716
"040504",11579,0.576868327402135
"040505",3991,0.721428571428571
"040506",4445,0.755223880597015
"040601",11845,0.577837595334231
"040602",6527,0.666895604395604
"040603",8348,0.60119940029985
"040604",4926,0.713780918727915
"040605",4205,0.633769322235434
"040606",4365,0.63724434876211
"040701",75938,0.431391540980582
"040702",5153,0.574793875147232
"040703",14941,0.52531852335838
"040704",11346,0.513009540329575
"040705",13653,0.46704021094265
"040706",20018,0.629900904782421
"040707",9977,0.532623169107856
"040708",4768,0.59675881792183
"040709",9171,0.504805260495701
"040801",15020,0.536935525972331
"040802",3121,0.62012012012012
"040803",3037,0.716369529983793
"040804",8003,0.599778883360973
"040805",7336,0.483040201005025
"040806",11692,0.602079395085066
"040807",7824,0.543801652892562
"040808",4698,0.377251184834123
"040809",6806,0.568917018284107
"040901",4720,0.507070707070707
"040902",5084,0.524672708962739
"040903",25086,0.490653459019013
"040904",12039,0.503377177390686
"041001",13696,0.456916474083856
"041002",9341,0.590140164330594
"041003",32623,0.486929603301995
"041004",7308,0.517573696145125
"041005",23998,0.450147710487445
"041101",5912,0.461038961038961
"041102",3646,0.610827374872319
"041103",5568,0.45246868091378
"041104",8055,0.629471436198612
"041105",9564,0.592899953895805
"041106",4484,0.619323671497584
"041107",5010,0.631934032983508
"041201",16874,0.489186647860837
"041202",5409,0.60822342901474
"041203",4858,0.530521642619312
"041204",7399,0.550769230769231
"041205",6211,0.506382978723404
"041206",4122,0.646910466582598
"041301",7031,0.714285714285714
"041302",16119,0.52378392905133
"041303",5173,0.575533661740558
"041304",13360,0.546973518284994
"041401",5208,0.567400881057269
"041402",7182,0.481144343302991
"041403",5076,0.561170212765957
"041404",7977,0.558139534883721
"041405",4226,0.556256572029443
"041406",10805,0.539321014181349
"041407",5409,0.45993031358885
"041408",9602,0.53206002728513
"041409",34294,0.473938679245283
"041410",3534,0.562025316455696
"041411",6629,0.486196319018405
"041501",15189,0.429824561403509
"041502",9674,0.635623409669211
"041503",8894,0.604488078541374
"041504",18656,0.625161456987858
"041505",6385,0.59009628610729
"041506",9223,0.577173270254287
"041507",13197,0.630494505494505
"041508",4722,0.5146771037182
"041509",12758,0.537156704361874
"041601",6604,0.445425867507886
"041602",5270,0.491009681881051
"041603",4487,0.569350145489816
"041604",5840,0.565217391304348
"041605",5581,0.407634628493524
"041606",20405,0.409352978859705
"041701",14194,0.449275362318841
"041702",3244,0.629333333333333
"041703",4290,0.712211784799317
"041704",4949,0.502392344497608
"041705",8609,0.631428571428571
"041801",3541,0.377034358047016
"041802",3566,0.604306864064603
"041803",3565,0.563975155279503
"041804",11647,0.515042117930205
"041805",8122,0.512578616352201
"041806",6256,0.649926144756278
"041807",9527,0.56563245823389
"041808",7933,0.664994425863991
"041809",4015,0.649104320337197
"041810",4678,0.655566127497621
"041811",7603,0.755263157894737
"041812",9940,0.528571428571429
"041813",6952,0.574929971988795
"041901",15043,0.488219504920966
"041902",5306,0.548736462093863
"041903",9306,0.416011105969459
"041904",9748,0.564540431943747
"041905",6935,0.572183098591549
"041906",24665,0.482096602163645
"046101",363020,0.453327698796814
"046201",98438,0.477361121303295
"046301",204921,0.449719701785817
"046401",116345,0.471966410076977
"100101",60222,0.566706888410891
"100102",10294,0.689571544058205
"100103",5072,0.65139751552795
"100104",4839,0.6484375
"100105",4188,0.700956937799043
"100106",5219,0.859148550724638
"100107",7983,0.723932016536518
"100108",15188,0.655535224153705
"100201",46177,0.49750164365549
"100202",5867,0.426270759939607
"100203",2014,0.82601880877743
"100204",8886,0.597222222222222
"100205",4420,0.665024630541872
"100206",8651,0.662667946257198
"100207",2567,0.575129533678757
"100208",3716,0.628923766816143
"100209",2687,0.719839142091153
"100210",4114,0.658620689655172
"100211",12690,0.469654788418708
"100301",4979,0.565723793677205
"100302",28457,0.481012658227848
"100303",6387,0.55765819041987
"100304",7664,0.615062761506276
"100305",3238,0.574616457461646
"100401",15000,0.403239377366428
"100402",4078,0.623097582811101
"100403",4490,0.713375796178344
"100404",6335,0.48936170212766
"100405",8548,0.661213947481705
"100406",6305,0.661172161172161
"100407",4101,0.670138888888889
"100408",3472,0.60082304526749
"100501",29770,0.455415309446254
"100502",5753,0.466453674121406
"100503",3060,0.516923076923077
"100504",4654,0.45324881141046
"100505",3591,0.631299734748011
"100506",4432,0.612572161642078
"100507",7547,0.490371066228276
"100508",6803,0.583719391131701
"100509",9373,0.564112587959343
"100510",6013,0.336658354114713
"100602",12834,0.587681779298546
"100603",6081,0.609463276836158
"100607",23632,0.52312464749013
"100608",4345,0.521505376344086
"100610",9682,0.549848942598187
"100611",12097,0.613337233109096
"100701",6038,0.464108910891089
"100702",10919,0.630334486735871
"100703",4718,0.556497175141243
"100704",35435,0.590933333333333
"100705",4458,0.51521164021164
"100706",3311,0.568383658969805
"100707",7546,0.602872834811998
"100708",6097,0.632027257240204
"100801",17762,0.440416505977632
"100802",68922,0.473457549657233
"100803",4339,0.693636363636364
"100804",7293,0.5565
"100805",7515,0.544849023090586
"100806",7749,0.590361445783133
"100807",6436,0.554838709677419
"100901",12969,0.641552511415525
"100902",4247,0.56706827309237
"100903",4812,0.619436875567666
"100904",11778,0.592821782178218
"100905",4864,0.77109440267335
"100906",4874,0.462339743589744
"100907",4742,0.683046683046683
"100908",4591,0.674201091192518
"101001",4408,0.710671936758893
"101002",4081,0.542301184433164
"101003",8682,0.751693002257336
"101004",6100,0.705403834979663
"101005",3679,0.666666666666667
"101006",12917,0.702122085407388
"101007",3631,0.676767676767677
"101008",12191,0.628728145354817
"101009",16242,0.533636928172221
"101010",11772,0.729349736379613
"101011",7773,0.490364025695931
"101101",3858,0.553077609277431
"101102",3551,0.479835390946502
"101103",15894,0.477142143392456
"101104",7225,0.574855252274607
"101105",6329,0.6398891966759
"101106",5169,0.388920293951385
"101201",48133,0.545934457699164
"101202",4389,0.601787487586892
"101203",6406,0.63465282284231
"101204",6023,0.655616942909761
"101205",6151,0.655150753768844
"101206",4485,0.308679245283019
"101207",4762,0.602079395085066
"101208",4365,0.690101757631822
"101209",4899,0.582167832167832
"101210",4290,0.61875
"101211",7473,0.52154750244858
"101212",5639,0.632243684992571
"101213",4826,0.492206726825267
"101214",5425,0.633948339483395
"101301",17850,0.513405590416429
"101302",11576,0.658957755164971
"101303",4095,0.622153209109731
"101304",8685,0.599496221662469
"101305",1871,0.527196652719665
"101306",5687,0.586834733893557
"101401",43749,0.481032665964173
"101402",15026,0.60261337432744
"101403",4481,0.634032634032634
"101404",6325,0.483271375464684
"101405",5648,0.58509234828496
"101406",5722,0.719503790489318
"101407",2985,0.613943808532778
"101408",10313,0.637815750371471
"101409",12974,0.627162406403305
"101410",6102,0.522371364653244
"101411",7374,0.660427807486631
"101501",4091,0.501457725947522
"101502",5926,0.455507644061153
"101503",2636,0.588235294117647
"101504",2984,0.450063211125158
"101505",3327,0.59703196347032
"101506",5975,0.768211920529801
"101507",3336,0.548863636363636
"101508",7265,0.603586889301175
"101509",2694,0.580853816300129
"101601",65834,0.51885937723523
"101602",3410,0.573979591836735
"101603",2254,0.454773869346734
"101604",5191,0.461538461538462
"101605",3924,0.509077705156136
"101606",7451,0.446496212121212
"101607",6134,0.566027689030884
"101608",4848,0.653001464128843
"101609",10562,0.603416939294802
"101610",7907,0.595004095004095
"101611",3392,0.40627802690583
"101701",5601,0.518292682926829
"101702",4574,0.542986425339366
"101703",3882,0.491725768321513
"101704",5388,0.597653958944282
"101705",4808,0.365320979483786
"101706",4604,0.543495610534717
"101707",6547,0.871345029239766
"101708",3400,0.461182994454714
"101709",32729,0.421139154820617
"101710",6587,0.54434250764526
"101801",4096,0.492576419213974
"101802",3983,0.3768
"101803",6254,0.580625
"101804",4673,0.583449235048679
"101805",4134,0.406574394463668
"101806",4883,0.541547277936963
"101807",14349,0.546602787456446
"101901",44073,0.518590435095289
"101902",7359,0.555182072829132
"101903",4907,0.535849056603774
"101904",11782,0.599867065470256
"102001",15073,0.477207293666027
"102002",20437,0.545971737933566
"102003",58163,0.494625364045539
"102004",29068,0.521721587088097
"102005",4854,0.652421652421652
"102006",6872,0.749157438613385
"102007",5107,0.537735849056604
"102008",12316,0.499520919833919
"102009",12718,0.553775038520801
"102101",12544,0.525461051472612
"102102",5513,0.590282813633067
"102103",4596,0.572233967582805
"102104",3517,0.635714285714286
"102105",4770,0.666182873730044
"106101",725055,0.449330565882809
"106201",76505,0.517378170833788
"106301",48658,0.482030285305778
"060101",17273,0.440395095367847
"060102",5886,0.551762114537445
"060103",13521,0.667469154378574
"060104",5547,0.396937573616019
"060105",5568,0.441875401412974
"060106",3778,0.48078431372549
"060107",4128,0.359777313848295
"060108",4355,0.566051660516605
"060109",5249,0.604540023894863
"060110",10527,0.634009360374415
"060111",7522,0.651588583737211
"060112",3198,0.612565445026178
"060113",2369,0.598630136986301
"060114",2541,0.641425389755011
"060115",2625,0.409681227863046
"060116",6947,0.631552162849873
"060117",3347,0.59538784067086
"060118",5214,0.611590628853268
"060119",4457,0.609951845906902
"060201",27285,0.56895777178796
"060202",3268,0.753221010901883
"060203",12971,0.577093732667776
"060204",3853,0.323442136498516
"060205",6396,0.636025504782147
"060206",4323,0.624423963133641
"060207",7071,0.622942643391521
"060208",6851,0.668101129639591
"060209",4315,0.694835680751174
"060210",4346,0.587664587664588
"060211",5557,0.552202776101388
"060212",6895,0.600942991855979
"060213",3985,0.741044012282497
"060214",6611,0.674518201284797
"060301",4550,0.60916179337232
"060302",3194,0.579345088161209
"060303",13773,0.601001669449082
"060304",6861,0.604636188023181
"060305",2497,0.564593301435407
"060306",4074,0.540913921360255
"060307",3861,0.652024117140396
"060308",4472,0.656122448979592
"060309",4787,0.574172892209178
"060310",5708,0.631392045454545
"060311",7047,0.56347438752784
"060312",5428,0.432542372881356
"060313",4004,0.699002719854941
"060314",3281,0.712294043092522
"060401",18836,0.565472203616879
"060402",5965,0.644811858608894
"060403",5607,0.537292817679558
"060404",10569,0.604708362614195
"060405",7660,0.575398633257403
"060406",4618,0.62691131498471
"060407",4941,0.660416666666667
"060408",10009,0.660528144544823
"060501",3479,0.744821872410936
"060502",3044,0.756345177664975
"060503",6565,0.792741582859641
"060504",6156,0.943548387096774
"060505",16336,0.785180149558124
"060506",7244,0.650040883074407
"060507",4889,0.675862068965517
"060601",19690,0.489605853983037
"060602",4831,0.687979539641944
"060603",3763,0.582010582010582
"060604",8629,0.581375108790252
"060605",8952,0.531784841075795
"060606",4043,0.5136
"060607",4176,0.779500430663221
"060609",3305,0.658959537572254
"060610",4241,0.253233492171545
"060611",5772,0.643592677345538
"060701",36226,0.492873327973101
"060702",9137,0.631252155915833
"060703",5407,0.60137851809305
"060704",7422,0.608868675383741
"060705",7363,0.681172698121851
"060706",5994,0.776623376623377
"060707",6818,0.695544554455445
"060708",8859,0.802755376344086
"060709",5505,0.782586027111575
"060710",6850,0.720018034265104
"060801",22746,0.459959452610238
"060802",4225,0.627890173410405
"060803",6037,0.543785310734463
"060804",2982,0.616940581542351
"060805",6450,0.593296089385475
"060806",6794,0.579097658480868
"060807",10958,0.621170996510275
"060808",6155,0.675529295913343
"060809",6327,0.633165829145729
"060810",5481,0.686832740213523
"060811",4050,0.634500426985482
"060812",4896,0.66826593557231
"060813",3369,0.49025641025641
"060901",13588,0.645748987854251
"060902",3805,0.631217838765009
"060903",12257,0.587287376902417
"060904",8946,0.739348370927318
"060905",9112,0.651685393258427
"060906",7905,0.683115338882283
"060907",13255,0.587599544937429
"060908",12369,0.447497830488863
"060909",4729,0.553495007132668
"060910",11482,0.669616519174041
"060911",17881,0.306122448979592
"060912",7753,0.585966542750929
"060913",5942,0.556462585034014
"060914",10595,0.656058751529988
"060915",4793,0.542323409223584
"060916",3045,0.688747731397459
"061001",7815,0.706534422403734
"061002",5232,0.775816416593116
"061003",24442,0.709663746821136
"061004",9382,0.670588235294118
"061005",5253,0.659777424483307
"061006",5544,0.661971830985915
"061101",30971,0.594224471568919
"061102",2746,0.572413793103448
"061103",5869,0.646470588235294
"061104",10718,0.639624949041989
"061105",17453,0.652941176470588
"061106",4241,0.738235294117647
"061107",9860,0.283701657458564
"061108",8305,0.688552915766739
"061109",7606,0.758128469468676
"061110",7099,0.618903971845148
"061111",5024,0.657200811359026
"061201",6836,0.540681173131504
"061202",6943,0.704035874439462
"061203",5806,0.400497512437811
"061204",5171,0.55796178343949
"061205",18020,0.621307801996333
"061206",15070,0.518542336548767
"061207",4757,0.489036544850498
"061301",4014,0.611510791366906
"061302",4006,0.5719131614654
"061303",4060,0.664021164021164
"061304",14902,0.624202510804692
"061305",1751,0.475
"061306",4834,0.632817753866846
"061307",2750,0.579320113314448
"061401",49793,0.462570247057576
"061402",4118,0.522707797772065
"061403",3673,0.602357984994641
"061404",6977,0.555382215288612
"061405",9048,0.623252391464312
"061406",7827,0.674089935760171
"061407",3070,0.60337552742616
"061408",9328,0.518193224592221
"061409",11703,0.611721611721612
"061410",4863,0.498352010547133
"061411",6584,0.611758743030917
"061501",16174,0.399903288201161
"061502",6152,0.405805038335159
"061503",4562,0.279141104294479
"061504",8484,0.584471322668748
"061505",4557,0.562306261624303
"061506",8060,0.569650742673625
"061507",6160,0.586799276672694
"061508",7105,0.593061415846226
"061601",17565,0.468213210554277
"061602",7440,0.641476274165202
"061603",4246,0.619339984650806
"061604",20822,0.593436235576203
"061605",5400,0.401026811180833
"061606",3360,0.544463087248322
"061701",40631,0.567094932191292
"061702",9057,0.685595567867036
"061703",10731,0.565411852404025
"061704",3648,0.60948275862069
"061705",9259,0.699948266942576
"061801",20446,0.570358634595996
"061802",3456,0.558441558441558
"061803",3650,0.605163249810175
"061804",3493,0.425619834710744
"061805",6602,0.492506811989101
"061806",6491,0.426504899673355
"061807",5476,0.631552419354839
"061808",7794,0.566270566727605
"061809",4061,0.625352112676056
"061810",4337,0.237400530503979
"061811",11135,0.672257631667226
"061812",6037,0.660354306658522
"061813",5054,0.536734693877551
"061901",13768,0.4944909651829
"061902",3116,0.477947794779478
"061903",3849,0.586171310629515
"061904",2170,0.615740740740741
"061905",4133,0.626854020296643
"061906",6049,0.533128834355828
"061907",4094,0.678782755705833
"061908",2758,0.527388535031847
"062001",4920,0.723732549595885
"062002",4405,0.593548387096774
"062003",5362,0.652685421994885
"062004",7255,0.699729486023445
"062005",6351,0.70767004341534
"062006",6157,0.502756339581036
"062007",5813,0.676942046855734
"062008",6047,0.657101167315175
"062009",6842,0.671974522292994
"062010",5486,0.753557199772339
"062011",5413,0.622582657517155
"062012",4863,0.670558798999166
"062013",11796,0.630948527031402
"062014",21881,0.674904281239123
"062015",7089,0.588369441277081
"066101",58000,0.544410813067529
"066201",66176,0.50423192917599
"066301",348567,0.524522664887244
"066401",65784,0.57920520098892
"080101",18111,0.473475676865507
"080102",7084,0.556197816313423
"080103",8622,0.575256556442417
"080104",7651,0.479031305375074
"080105",6917,0.583159359777314
"080106",7945,0.484098939929329
"080107",13066,0.516422764227642
"080201",17036,0.340676811265047
"080202",3235,0.559345156889495
"080203",2622,0.527050610820244
"080204",5069,0.47843137254902
"080205",7411,0.525
"080206",18604,0.367730565889955
"080207",2948,0.476861167002012
"080301",4591,0.464430894308943
"080302",25205,0.424852071005917
"080303",5644,0.43282498184459
"080304",4260,0.5625
"080305",12621,0.461677186654644
"080306",6525,0.494775660725261
"080401",40240,0.415962288686606
"080402",5511,0.484003281378179
"080403",3288,0.575931232091691
"080404",16435,0.435679298788347
"080405",6730,0.630847029077118
"080406",5581,0.508221225710015
"080407",6663,0.519940915805022
"080408",3614,0.547019867549669
"080501",6768,0.455862068965517
"080502",4261,0.528368794326241
"080503",6529,0.398620689655172
"080504",9975,0.415432929564827
"080505",19965,0.336766420520793
"080601",6873,0.43656207366985
"080602",17619,0.314532183145322
"080603",4215,0.391136801541426
"080604",17542,0.428821616212159
"080605",4437,0.541121495327103
"080701",4703,0.307802433786686
"080702",3134,0.499378881987578
"080703",4817,0.533383345836459
"080704",16307,0.461017798947105
"080705",6963,0.436708860759494
"080801",3538,0.402140672782875
"080802",5233,0.465900383141762
"080803",5195,0.511693171188026
"080804",3920,0.479212253829322
"080805",30520,0.433984684446792
"080806",8371,0.426846933848382
"080901",6337,0.394473838918283
"080902",3374,0.545839210155148
"080903",9860,0.482970671712394
"080904",5851,0.375412541254125
"080905",9443,0.514222222222222
"080906",26670,0.441762396393776
"080907",6187,0.405753217259652
"080908",3352,0.510144927536232
"080909",3877,0.428180574555404
"080910",18798,0.428380485631544
"081001",3360,0.410161090458488
"081002",26664,0.416529152915292
"081003",3823,0.578274760383387
"081004",7101,0.40883634100809
"081005",5383,0.559683794466403
"081006",4650,0.443661971830986
"081007",21862,0.446972694895133
"081008",2450,0.494866529774127
"081009",7140,0.540014419610671
"081101",2627,0.420731707317073
"081102",39239,0.44128242074928
"081103",3576,0.545454545454545
"081104",7308,0.55104800540906
"081105",3274,0.562314540059347
"081106",19361,0.545216822837219
"081107",3252,0.536050156739812
"081108",5833,0.431937172774869
"081109",3248,0.471608832807571
"081110",12044,0.547854785478548
"081201",12506,0.46285506190823
"081202",5109,0.73840769903762
"081203",21734,0.645506296360186
"086101",124554,0.510179102240651
"086201",119197,0.383746523158786
"120101",30300,0.528601792810276
"120102",18960,0.546456393691811
"120103",6465,0.606663084363246
"120104",5547,0.588845654993515
"120105",7771,0.517958412098299
"120106",13372,0.612783696155628
"120107",10995,0.656519065190652
"120108",5257,0.570461538461538
"120109",5202,0.692101020956475
"120201",8424,0.790998043052838
"120202",36304,0.624083593157496
"120203",9607,0.683748169838946
"120204",14373,0.661378059836809
"120205",7700,0.685918854415274
"120206",6216,0.684210526315789
"120207",9779,0.52658788774003
"120301",12771,0.530525720746184
"120302",8988,0.53299884214589
"120303",48824,0.472761427676894
"120304",22812,0.561919504643963
"120305",34453,0.514575052053757
"120401",2802,0.458937198067633
"120402",21041,0.669545690101917
"120403",3481,0.354304635761589
"120404",3557,0.432535885167464
"120405",7861,0.703881378107283
"120406",7378,0.741715399610136
"120407",13379,0.259702221137418
"120501",28677,0.532237916786778
"120502",17095,0.694552929085303
"120503",9515,0.491655076495132
"120504",16988,0.651189562547966
"120505",6816,0.525092936802974
"120506",8362,0.602404965089216
"120507",4875,0.745726495726496
"120508",5311,0.802943058221369
"120509",4917,0.557315233785822
"120510",6669,0.639473684210526
"120601",13731,0.649162371134021
"120602",7767,0.432637571157495
"120603",8640,0.701597744360902
"120604",10652,0.659005275056519
"120605",14319,0.625204048318642
"120606",32417,0.618793801204225
"120607",16267,0.660733666160191
"120608",9356,0.612993039443155
"120609",12663,0.599776723416132
"120610",10163,0.66023166023166
"120611",42813,0.520559866560302
"120612",13808,0.650164113785558
"120613",5825,0.554705882352941
"120614",9402,0.651624548736462
"120615",10517,0.626657362177251
"120616",24475,0.537781054183561
"120617",19042,0.575396049286133
"120701",15116,0.562055476529161
"120702",7831,0.595387021110242
"120703",9727,0.682503770739065
"120704",8293,0.683326152520465
"120705",7666,0.678183613030602
"120706",7825,0.739320920043812
"120707",24172,0.565573770491803
"120708",9678,0.637354378053363
"120709",17170,0.719446004117537
"120710",7151,0.667121418826739
"120711",6332,0.330193615907902
"120712",6426,0.704506065857886
"120801",7693,0.336655112651646
"120802",6244,0.593625498007968
"120803",4798,0.501255230125523
"120804",5336,0.580066445182724
"120805",20001,0.535985533453888
"120806",2496,0.423407917383821
"120807",3759,0.487642585551331
"120901",14858,0.659593885466575
"120902",9779,0.751760563380282
"120903",42712,0.654870595336905
"120904",10808,0.763323402846739
"120905",6069,0.605781057810578
"120906",8318,0.70681100586378
"120907",14415,0.680662667809197
"120908",8538,0.732720735117859
"120909",7102,0.778035217794254
"121001",6214,0.680662091239402
"121002",26586,0.699791692194584
"121003",9155,0.599196787148594
"121004",24041,0.751992153978178
"121005",9791,0.687769307258866
"121006",13942,0.489111111111111
"121007",17046,0.563551851258214
"121008",5676,0.736765772298767
"121009",15780,0.703972758229285
"121010",10515,0.748532863849765
"121011",11697,0.613019390581718
"121012",8188,0.734889537307211
"121013",10693,0.658438753471151
"121014",12397,0.704347826086957
"121015",3813,0.682432432432432
"121016",23181,0.64197224975223
"121101",33798,0.457064188607813
"121102",7433,0.517705064993277
"121103",21959,0.630594788144022
"121104",7423,0.514347590687601
"121105",17777,0.780454852510696
"121106",6679,0.527217741935484
"121107",5928,0.614140203714799
"121108",9087,0.604463437796771
"121109",23298,0.552488014547859
"121110",8297,0.72378752886836
"121111",14376,0.810506997017665
"121112",17507,0.686687797147385
"121113",4345,0.807904411764706
"121114",10695,0.382040173296573
"121201",10499,0.469178082191781
"121203",7889,0.417835109366237
"121204",15316,0.407287449392713
"121205",50365,0.498423651180774
"121206",7115,0.686650185414092
"121207",23504,0.519847103793002
"121301",40137,0.453733548213806
"121302",21706,0.625831702544031
"121303",13099,0.505922165820643
"121304",34203,0.536856991338165
"121305",8073,0.446546414430268
"121306",17637,0.495208761122519
"121307",4257,0.18848167539267
"121308",6745,0.417104634495939
"121309",9225,0.562435500515996
"121401",8799,0.607003891050584
"121402",5729,0.45004061738424
"121403",5817,0.368994234465087
"121404",3683,0.5
"121405",16500,0.546043808672329
"121406",3467,0.493742889647326
"121501",5310,0.663530713890426
"121502",9536,0.500630119722747
"121503",8650,0.59918200408998
"121504",6746,0.759976865240023
"121505",10836,0.759866220735786
"121506",16374,0.672301190933538
"121507",11782,0.602406267487409
"121508",9116,0.668096723868955
"121509",5669,0.536751080914145
"121601",11230,0.645107238605898
"121602",8707,0.743844492440605
"121603",14500,0.760158804297057
"121604",11797,0.597491448118586
"121605",9780,0.658862876254181
"121606",11712,0.760036496350365
"121607",6820,0.704197530864198
"121608",13684,0.664845670581808
"121609",24541,0.670639650377433
"121610",18064,0.820989704417137
"121611",10629,0.632330598602249
"121612",4093,0.486312399355878
"121613",13239,0.713329902213073
"121614",12380,0.559885931558935
"121615",19037,0.67404181184669
"121616",8063,0.618234804329725
"121701",27879,0.501983252534156
"121702",7050,0.333008288639688
"121703",12970,0.614112173688292
"121704",8494,0.577490774907749
"121705",11247,0.455867082035306
"121801",43891,0.604193439296584
"121802",9976,0.638678869876641
"121803",19755,0.625184941640638
"121804",6138,0.62589928057554
"121805",3990,0.631720430107527
"121806",10121,0.652674897119342
"121807",6796,0.567642186637217
"121808",7700,0.59613478691774
"121809",38017,0.542151044630518
"121810",11970,0.569672131147541
"121901",9347,0.690750297737197
"121902",17203,0.586352941176471
"121903",10440,0.484698608964451
"121904",24689,0.572451872854798
"121905",53677,0.51993136219641
"126101",759137,0.490699597329874
"126201",84325,0.553704209535949
"126301",113593,0.562054241741742
"140101",10410,0.535465484483851
"140102",5663,0.547307893361213
"140103",3916,0.687719298245614
"140104",5221,0.521284019539428
"140105",5775,0.603851444291609
"140106",2858,0.640836408364084
"140201",45275,0.4981672549552
"140202",6654,0.567328918322296
"140203",8166,0.59792027729636
"140204",3991,0.685009487666034
"140205",3914,0.660666066606661
"140206",4367,0.58807082945014
"140207",5961,0.607305936073059
"140208",5087,0.545820745216516
"140209",7970,0.573937153419593
"140301",17060,0.496407800205269
"140302",4929,0.772357723577236
"140303",5240,0.636740331491713
"140304",12658,0.561446521605884
"140305",6343,0.667355371900826
"140306",5469,0.705169112954691
"140307",7289,0.735145094426532
"140308",5044,0.581467661691542
"140309",4097,0.806837606837607
"140310",10701,0.658868715083799
"140311",8288,0.697712418300654
"140312",7576,0.813540090771558
"140313",5351,0.426047120418848
"140314",8483,0.694769711163154
"140401",19282,0.595552466990966
"140402",12214,0.611538461538462
"140403",3814,0.441238564391274
"140404",6419,0.480769230769231
"140405",5099,0.618632707774799
"140501",16349,0.465092402464066
"140502",3926,0.357802874743327
"140503",5002,0.635075287865368
"140504",42736,0.455611794006588
"140505",10939,0.507888805409467
"140506",7513,0.503994673768309
"140601",6673,0.429309534992954
"140602",7794,0.493374902572097
"140603",9677,0.586115992970123
"140604",2971,0.604343720491029
"140605",24944,0.389537528430629
"140606",5424,0.671843349088454
"140607",9057,0.534260515603799
"140608",8286,0.644588045234249
"140609",4691,0.448461538461539
"140611",19082,0.506568292244017
"140701",5265,0.743013365735115
"140702",7510,0.449170565716716
"140703",4115,0.699135899450118
"140704",3956,0.673672566371681
"140705",30760,0.574930762129449
"140706",6764,0.535044422507404
"140707",4111,0.711148648648649
"140801",53749,0.472682871422081
"140802",16809,0.469847420682974
"140803",13090,0.524376287479973
"140804",13110,0.497982515131137
"140805",11610,0.550442477876106
"140901",2537,0.450842696629214
"140902",5812,0.288629737609329
"140903",11669,0.367136978248089
"140904",4663,0.427334570191713
"140905",6149,0.338062622309198
"140906",5377,0.343573667711599
"141001",2999,0.607944732297064
"141002",11106,0.644747183652083
"141003",3137,0.677565849227975
"141004",5192,0.663985148514851
"141005",5066,0.658271322266743
"141006",5081,0.65319273579379
"141101",10262,0.348480196499846
"141102",2672,0.63558106169297
"141103",5400,0.55793991416309
"141104",6652,0.526826484018265
"141105",1766,0.531948881789137
"141106",5755,0.534188034188034
"141107",4510,0.577727952167414
"141108",2718,0.763306908267271
"141109",3479,0.480672268907563
"141110",3790,0.523465703971119
"141201",39499,0.425369178341537
"141204",6219,0.442487616951018
"141205",9279,0.645796064400716
"141206",6014,0.585305105853051
"141207",14484,0.626988480526604
"141208",5075,0.594594594594595
"141209",5984,0.522379912663755
"141210",5507,0.535851966075559
"141211",14111,0.474405594405594
"141212",8752,0.540983606557377
"141213",7337,0.490988191423244
"141214",6534,0.675767918088737
"141215",19323,0.578954607977992
"141301",30930,0.458991097922849
"141302",3365,0.413020277481323
"141303",4979,0.540337711069418
"141304",3604,0.443844492440605
"141305",7898,0.691921726041144
"141306",5069,0.512694512694513
"141307",4491,0.310258548790659
"141308",4720,0.359521776259607
"141309",4253,0.465263157894737
"141310",5394,0.507410636442895
"141401",28223,0.43712433706541
"141402",9474,0.467807964272423
"141403",5435,0.634538152610442
"141404",19727,0.588922645477915
"141405",8941,0.6216
"141406",6253,0.628083491461101
"141501",6848,0.581409117821196
"141502",2756,0.584307178631052
"141503",5185,0.643610013175231
"141504",8689,0.626954177897574
"141505",11444,0.524251805985552
"141506",8930,0.696412556053812
"141507",8394,0.634361233480176
"141508",10577,0.587759815242494
"141509",10098,0.703319502074689
"141510",9757,0.707627118644068
"141511",4945,0.642276422764228
"141601",22963,0.593759701955914
"141602",4436,0.888943488943489
"141603",2830,0.79746835443038
"141604",2921,0.612807881773399
"141605",12207,0.76456043956044
"141606",3020,0.76
"141607",12947,0.679045893719807
"141608",3929,0.689008042895442
"141609",1808,0.730837789661319
"141610",4522,0.35016835016835
"141611",3828,0.633414436334144
"141701",19685,0.5231668289968
"141702",44907,0.568134809587541
"141703",11441,0.633160338705272
"141704",15975,0.613146551724138
"141705",8085,0.608356290174472
"141706",3531,0.715139442231076
"141707",6292,0.593447905477981
"141708",11275,0.563957361758827
"141801",25563,0.52072864321608
"141802",24820,0.42083805209513
"141803",21469,0.395498953244941
"141804",73450,0.422495672109671
"141805",9758,0.553571428571429
"141806",11129,0.604494382022472
"141901",9149,0.557164253619571
"141902",8430,0.498706673564408
"141903",8132,0.420364315740308
"141904",5844,0.615937295885042
"141905",8410,0.54712771890686
"141906",11032,0.525862068965517
"141907",5232,0.544166666666667
"141908",6264,0.555944055944056
"141909",3986,0.716961498439126
"141910",8101,0.536258379037172
"141911",4599,0.457804331590739
"141912",6713,0.541284403669725
"141913",11098,0.601788756388416
"141914",7577,0.735294117647059
"141915",5848,0.365853658536585
"142001",22560,0.363125948406677
"142002",4661,0.534446764091858
"142003",8196,0.608440170940171
"142004",7908,0.611750454270139
"142005",3884,0.48234106962664
"142006",2610,0.383091149273448
"142007",6620,0.542763157894737
"142008",4791,0.311437403400309
"142009",7516,0.436437246963563
"142010",8783,0.483526682134571
"142011",5946,0.52697967764541
"142012",5699,0.522116218560278
"142101",22936,0.517964071856287
"142102",58494,0.505755008081501
"142103",24010,0.510309278350515
"142104",16918,0.456107171000788
"142105",11947,0.481707317073171
"142106",21190,0.582148715144888
"142201",17439,0.538387531268039
"142202",10342,0.64757525083612
"142203",3947,0.626564003849856
"142204",7350,0.565442020665901
"142205",3872,0.549256505576208
"142206",3644,0.667857142857143
"142207",7405,0.604864864864865
"142301",4539,0.527565084226646
"142302",4724,0.729526671675432
"142303",3505,0.682098765432099
"142304",4037,0.792307692307692
"142305",4325,0.732186732186732
"142306",12487,0.609490855165596
"142307",4393,0.741258741258741
"142308",5491,0.692955589586524
"142401",3950,0.52247191011236
"142402",4864,0.514206514206514
"142403",4876,0.50329489291598
"142404",23978,0.538328814394873
"142405",4740,0.522088353413655
"142406",4100,0.734912577552171
"142407",4824,0.470049330514447
"142501",19702,0.576174655908875
"142502",8348,0.770441848654139
"142503",15403,0.559862610402355
"142504",6692,0.614619883040936
"142505",14001,0.569444444444444
"142506",12216,0.675347736016573
"142507",11554,0.692336730841827
"142508",10016,0.727359846669861
"142509",7240,0.712241653418124
"142510",14010,0.609829763866008
"142511",10093,0.628969117007395
"142512",8600,0.726686721100129
"142513",12143,0.694472029129427
"142601",2682,0.762396694214876
"142602",2905,0.611545988258317
"142603",8594,0.667725828415797
"142604",5174,0.73849737914968
"142605",6177,0.704461942257218
"142606",2744,0.711764705882353
"142607",3571,0.741935483870968
"142608",16946,0.654682454251884
"142609",7550,0.695526695526696
"142610",4758,0.73630831643002
"142611",5900,0.69995129079396
"142612",4667,0.71304347826087
"142613",10143,0.777717094483889
"142701",18775,0.584699453551913
"142702",6104,0.612772837510105
"142703",6156,0.6875
"142704",4277,0.558139534883721
"142705",7050,0.672678690714763
"142706",4425,0.668336673346693
"142707",6996,0.401913875598086
"142801",37985,0.468347542173046
"142802",4300,0.681063122923588
"142803",6282,0.669882100750268
"142804",5595,0.646182495344507
"142805",6294,0.603129445234708
"142806",3466,0.57451403887689
"142807",9817,0.463576158940397
"142808",11356,0.647796610169492
"142901",18786,0.642222556843849
"142902",3778,0.789164490861619
"142903",2397,0.567251461988304
"142904",4897,0.705324196099104
"142905",6584,0.636692272932671
"142906",5725,0.563213530655391
"142907",3956,0.648385131017672
"142908",6068,0.719961704164672
"142909",4419,0.532453245324532
"143001",6188,0.639398998330551
"143002",5239,0.594090202177294
"143003",3894,0.765807962529274
"143004",5953,0.661732456140351
"143005",19510,0.570227670753065
"143201",20912,0.568060200668896
"143202",10343,0.49469964664311
"143203",4239,0.638095238095238
"143204",9770,0.548017621145374
"143205",24231,0.504919976289271
"143206",21632,0.61221635063724
"143207",17137,0.510812513121982
"143301",12816,0.622036874451273
"143302",4573,0.701504354711006
"143303",6571,0.710475266731329
"143304",7609,0.693103448275862
"143305",17967,0.50078431372549
"143306",4095,0.639952857984679
"143307",6128,0.395787139689579
"143308",5248,0.545132743362832
"143309",3013,0.735960591133005
"143401",20186,0.635629381286193
"143402",27675,0.629651419326371
"143403",29665,0.590445859872611
"143404",17436,0.597352136998129
"143405",7636,0.727712137486574
"143406",7710,0.68415359653867
"143407",9367,0.701230228471002
"143408",6007,0.740559440559441
"143409",23177,0.622267070299361
"143410",2898,0.609243697478992
"143411",19350,0.720732226479353
"143412",51385,0.622591743119266
"143501",8499,0.622658748286889
"143502",7941,0.539168017287952
"143503",6952,0.585842577918648
"143504",5570,0.289815817984832
"143505",39009,0.497179064317334
"143506",5771,0.620523415977961
"143601",4676,0.496532593619972
"143602",5803,0.642118863049096
"143603",6417,0.648665425201738
"143604",4888,0.475539568345324
"143605",15380,0.587367624810893
"143701",5326,0.568531468531469
"143702",4914,0.449799196787149
"143703",7159,0.511515800749866
"143704",4569,0.553057553956835
"143705",3677,0.434426229508197
"143706",14759,0.399784192069059
"143801",41526,0.538524057217165
"143802",11556,0.575403641360357
"143803",8416,0.486486486486487
"143804",5228,0.429567642956764
"143805",9864,0.655141037306642
"146101",53443,0.671215037934549
"146201",124318,0.497564452892955
"146301",220602,0.546475709070486
"146401",76480,0.575722290954079
"160101",37329,0.501647018030513
"160102",7633,0.575774035850081
"160103",19852,0.582171525137305
"160104",13594,0.526576019777503
"160105",9036,0.580188679245283
"160106",5011,0.620909816440543
"160201",6276,0.561106155218555
"160202",7061,0.570936243538196
"160203",23386,0.508272859216255
"160204",11494,0.636601307189542
"160301",63974,0.418059614260666
"160302",7770,0.497420020639835
"160303",5974,0.590909090909091
"160304",8020,0.548850574712644
"160305",4368,0.472589792060492
"160306",8244,0.514626218851571
"160401",9623,0.479281767955801
"160402",37036,0.568950749464668
"160403",7047,0.498694516971279
"160404",14139,0.583356920464195
"160501",12463,0.447688564476886
"160502",23688,0.400831216809051
"160503",7549,0.459724950884086
"160504",5613,0.56651376146789
"160505",16416,0.46767537826685
"160601",3745,0.485569985569986
"160602",25744,0.471402550091075
"160603",5442,0.439701173959445
"160604",3574,0.464285714285714
"160605",4644,0.54468085106383
"160701",25084,0.590520365270329
"160702",3700,0.536675951717734
"160703",9284,0.598104793756968
"160704",7889,0.543786051389617
"160705",58532,0.452814660375288
"160706",14120,0.602638278176348
"160707",13347,0.58707015130674
"160708",3739,0.583926754832147
"160709",6424,0.608315098468271
"160801",10101,0.488226059654631
"160802",7357,0.505747126436782
"160803",18115,0.401066164941988
"160804",13916,0.410688140556369
"160805",4473,0.55586592178771
"160806",8329,0.569260890846794
"160807",3813,0.582317073170732
"160901",6723,0.405622489959839
"160902",9509,0.426959619952494
"160903",14401,0.399897854954035
"160904",11015,0.40061871616396
"160905",9559,0.341870824053452
"160906",5604,0.393536121673004
"160907",13582,0.521073993131439
"160908",20155,0.439764936336925
"160909",8216,0.478969957081545
"160910",9801,0.420533070088845
"160911",9725,0.485436893203884
"160912",5267,0.533551554828151
"160913",9639,0.378283712784588
"161001",11001,0.537953795379538
"161002",13809,0.564802774165583
"161003",4392,0.612377850162866
"161004",28381,0.540659340659341
"161101",5372,0.445759368836292
"161102",7185,0.502901353965184
"161103",6070,0.464664310954064
"161104",8118,0.533648170011806
"161105",31708,0.437723024638912
"161106",6298,0.54585798816568
"161107",12013,0.529255319148936
"166101",122439,0.336029651148231
"180103",2418,0.512455516014235
"180105",2151,0.374161073825503
"180108",17827,0.476150974699295
"180201",26675,0.740735803785657
"180202",6164,0.793988728866625
"180203",8215,0.695436507936508
"180204",9327,0.735015772870662
"180205",7635,0.892724573125464
"180206",8486,0.415230460921844
"180301",47231,0.651630088598066
"180302",13176,0.772432113341204
"180303",12818,0.642761214074671
"180304",25012,0.614089860187322
"180305",5453,0.789522058823529
"180306",17767,0.797423450336072
"180307",13633,0.772127608539218
"180401",39707,0.563012677106637
"180402",5533,0.603971318257033
"180403",5617,0.594922100403924
"180404",13013,0.649768399382398
"180405",7044,0.456448911222781
"180406",8343,0.662832494608195
"180407",9825,0.722292993630573
"180408",11492,0.482416335791265
"180409",4376,0.62381363244176
"180410",6272,0.580193236714976
"180411",11455,0.746982015274698
"180501",36918,0.68030373469704
"180502",6426,0.789333333333333
"180503",8619,0.562453806356245
"180504",16277,0.793332033534802
"180505",9099,0.769294263309946
"180506",2004,0.5635103926097
"180507",9377,0.720905172413793
"180508",5410,0.693721286370597
"180509",12476,0.777623156136933
"180511",9183,0.799918831168831
"180601",8105,0.788732394366197
"180602",25062,0.879259980525803
"180603",9947,0.689276485788114
"180604",6019,0.703748488512696
"180605",7200,0.811176205497972
"180606",6513,0.789791437980242
"180701",13513,0.663236429122717
"180702",14848,0.720292504570384
"180703",10940,0.710877373011801
"180704",15512,0.620927936821323
"180705",10996,0.750463821892393
"180706",5462,0.75089179548157
"180707",13594,0.710442316461468
"180708",15687,0.671323661114096
"180709",9218,0.627938517179023
"180801",14507,0.4900074019245
"180802",8099,0.342988808426596
"180803",5733,0.384783798576902
"180804",20051,0.601985111662531
"180805",21840,0.676891047883414
"180901",12595,0.496756487025948
"180902",7576,0.50192389910218
"180903",4991,0.61614730878187
"180904",9159,0.727013542409123
"180905",8413,0.590701535907015
"180906",6573,0.519825708061002
"180907",4398,0.626284875183554
"180908",3930,0.577927548441449
"181001",18199,0.648807813846596
"181002",8374,0.704584040747029
"181003",11177,0.893265256503769
"181004",21108,0.766133720930233
"181005",6617,0.70939226519337
"181006",7288,0.814895155459147
"181007",6860,0.552525704067948
"181101",61479,0.541398322754019
"181102",5629,0.534830166954519
"181103",6986,0.697885196374622
"181104",2826,0.494736842105263
"181105",12859,0.623042505592841
"181106",5429,0.687951138256524
"181107",11474,0.587880816873117
"181108",14103,0.691863819965378
"181109",7853,0.500950931913275
"181110",7541,0.563328033916269
"181201",6320,0.654083733699382
"181202",5461,0.661044176706827
"181203",10118,0.392996108949416
"181204",4315,0.600725952813067
"181205",22539,0.607360097323601
"181206",10308,0.651249533756061
"181207",8660,0.716267339218159
"181301",6720,0.511099079588522
"181302",9540,0.661095636025998
"181303",5601,0.544832306639288
"181304",5011,0.611111111111111
"181305",4929,0.560897435897436
"181306",6374,0.577360355907069
"181307",8696,0.65738592420727
"181308",9947,0.562252180808882
"181309",4095,0.494360902255639
"181310",12865,0.39723016047483
"181401",15928,0.638415245737212
"181402",4198,0.724455611390285
"181403",4648,0.510439164866811
"181404",4648,0.846015578190533
"181405",12625,0.66525974025974
"181406",14791,0.754639175257732
"181407",7010,0.538280883043682
"181408",8324,0.785745140388769
"181409",7183,0.447047797563261
"181501",7570,0.627276577721305
"181502",7095,0.42163244867301
"181503",26778,0.494303056117559
"181504",23250,0.690084202588915
"181505",8473,0.213753387533875
"181601",6220,0.647146401985112
"181602",10787,0.724524076147816
"181603",19104,0.728249048395867
"181604",6660,0.782706093189964
"181605",7105,0.739894551845343
"181606",18795,0.625263841532716
"181607",6996,0.775356576862124
"181608",7009,0.720909496210432
"181609",10408,0.684516246142676
"181610",6525,0.769230769230769
"181611",16951,0.91698595146871
"181612",15973,0.687957948391207
"181613",20168,0.560558775449547
"181614",11158,0.710408123413396
"181701",39305,0.537545271629779
"181702",4403,0.626353790613718
"181703",5490,0.577028885832187
"181704",5080,0.452596867271228
"181705",17552,0.726875287620801
"181706",1984,0.720364741641337
"181707",13041,0.625911876276627
"181708",9319,0.465192168237854
"181801",64756,0.624387612926424
"181802",7454,0.733446519524618
"181803",10248,0.701854493580599
"181804",7433,0.604796663190824
"181805",8746,0.588560885608856
"181806",10865,0.659875123233651
"181901",11749,0.660930357623017
"181902",10577,0.601460781200381
"181903",10666,0.725806451612903
"181904",20920,0.511178861788618
"181905",8406,0.607553366174056
"182001",12169,0.736082995951417
"182002",13618,0.388555722138931
"182003",9810,0.537293434569004
"182004",18683,0.592771485676216
"182101",3226,0.452742123687281
"182102",1728,0.290598290598291
"182103",11644,0.5226723095526
"182104",5025,0.482023156611822
"182105",5327,0.58148383005707
"186101",47348,0.54297852528662
"186201",64728,0.549688880872937
"186301",180031,0.54855687036975
"186401",48636,0.516722940689304
"200101",30825,0.551025083037453
"200102",6882,0.547791694133158
"200103",5788,0.553359683794466
"200104",5553,0.664098613251156
"200105",2956,0.710369487485101
"200106",2602,0.611023622047244
"200107",5370,0.562366357804704
"200201",14127,0.596031746031746
"200202",11842,0.636424731182796
"200203",8565,0.697425934919864
"200204",5680,0.278171788810087
"200205",14859,0.669026548672566
"200206",22720,0.801852303192786
"200207",7194,0.375750955761879
"200208",3693,0.809049079754601
"200209",13923,0.506189451022605
"200210",2075,0.769440654843111
"200211",5832,0.740652818991098
"200212",6477,0.688841201716738
"200213",14699,0.598509933774834
"200214",9112,0.607757166947723
"200215",2903,0.61431870669746
"200301",26611,0.431507813599887
"200302",3885,0.734842951059167
"200303",7151,0.421721548238013
"200304",4747,0.654885654885655
"200305",6284,0.857142857142857
"200306",3055,0.394160583941606
"200307",2026,0.708454810495627
"200308",4736,0.792596624931954
"200401",22455,0.577054146156759
"200402",6041,0.542358803986711
"200403",5024,0.814692256783587
"200404",5487,0.524547803617571
"200405",6485,0.528069093152375
"200406",3954,0.569002123142251
"200501",22091,0.330490405117271
"200502",2297,0.305280528052805
"200503",3501,0.34696261682243
"200504",2354,0.41029207232267
"200505",1743,0.481132075471698
"200506",4037,0.414912280701754
"200507",2781,0.407134071340713
"200508",3905,0.374549819927971
"200509",3875,0.351648351648352
"200601",10660,0.696991404011461
"200602",3658,0.471973094170404
"200603",8884,0.667359667359667
"200604",5051,0.734929078014184
"200605",6540,0.520382165605096
"200606",5197,0.515328467153285
"200701",5596,0.717857142857143
"200702",10724,0.663099484740388
"200703",4350,0.810945273631841
"200704",4170,0.684971098265896
"200705",10787,0.703551912568306
"200706",2194,0.736334405144695
"200707",5592,0.7003367003367
"200708",4344,0.708196721311475
"200709",4424,0.669346733668342
"200801",5206,0.650339110776187
"200802",2989,0.680376028202115
"200803",5423,0.687079910380881
"200804",4945,0.713706407137064
"200805",4110,0.750756811301715
"200806",15488,0.638818135506877
"200807",4584,0.59527972027972
"200901",5698,0.511677282377919
"200902",2906,0.65374677002584
"200903",3973,0.653215636822194
"200904",4323,0.0933179723502304
"200905",4139,0.574599260172626
"201001",14946,0.494571773220748
"201002",6782,0.567298105682951
"201003",3003,0.423576423576424
"201004",4607,0.621059691482227
"201005",2586,0.477611940298507
"201006",2083,0.403483309143687
"201007",4323,0.433513513513514
"201008",3075,0.693983402489627
"201009",6386,0.510279001468429
"201101",12515,0.689742865216163
"201102",4419,0.628944504896627
"201103",3456,0.665163472378805
"201104",3317,0.697735191637631
"201105",4291,0.775732217573222
"201106",2847,0.619492656875834
"201107",3705,0.728540772532189
"201108",26589,0.539597928723728
"201109",7282,0.614404432132964
"201110",3257,0.622311827956989
"201201",3087,0.634005763688761
"201202",4582,0.564824120603015
"201203",3176,0.52
"201204",3056,0.41504854368932
"201205",6113,0.656182987848463
"201206",2464,0.749122807017544
"201207",7277,0.697753573859769
"201208",3978,0.575418994413408
"201209",2478,0.766146993318486
"201301",9516,0.664184157075152
"201302",9195,0.76481691204228
"201303",6600,0.850022862368541
"201304",4595,0.796414112203586
"201305",3475,0.867097701149425
"201306",3283,0.876182287188306
"201307",4119,0.672595520421607
"201308",5956,0.835454545454545
"201309",7372,0.64
"201310",5360,0.773816840811309
"201401",22753,0.539377445143732
"201402",2436,0.749222797927461
"201403",5946,0.689655172413793
"201404",5001,0.571801566579634
"201405",8960,0.593411175979983
"206101",294298,0.497110894442449
"206201",63070,0.564340416352066
"206301",69210,0.607868546547792
"220101",2998,0.440548780487805
"220102",24892,0.447136881580845
"220103",5755,0.629349470499244
"220104",4279,0.510752688172043
"220105",5089,0.635220125786163
"220106",20152,0.410997963340122
"220107",3581,0.545541706615532
"220108",3544,0.538736591179976
"220109",3772,0.513618677042802
"220110",4170,0.561707035755479
"220201",40357,0.500533880903491
"220202",14047,0.573608424672254
"220203",17696,0.595777155939964
"220204",21551,0.702585427589948
"220205",2290,0.692429022082019
"220301",14552,0.372318339100346
"220302",9410,0.488038277511962
"220303",10618,0.493624772313297
"220304",9354,0.498168498168498
"220305",3521,0.484848484848485
"220306",6308,0.510911424903723
"220307",3728,0.521345407503234
"220401",28095,0.368162864851607
"220402",6788,0.447552447552447
"220403",14668,0.372913816689466
"220404",22345,0.367067945317282
"220405",5663,0.41131498470948
"220406",8618,0.463933575505968
"220407",4148,0.249448123620309
"220408",10587,0.49949083503055
"220501",7124,0.57079427725703
"220502",32795,0.487177005709862
"220503",8082,0.578807241746539
"220504",18170,0.66653883029722
"220505",9877,0.420387198735678
"220506",9673,0.547282204020849
"220507",5136,0.571889103803997
"220508",30501,0.538119012279045
"220601",23780,0.407741598012292
"220602",4211,0.593167701863354
"220603",6216,0.574914869466515
"220604",15036,0.542245989304813
"220605",4615,0.588811188811189
"220606",3582,0.573504273504273
"220607",6695,0.573244147157191
"220608",6607,0.581471747700394
"220701",38900,0.401428073841867
"220702",8511,0.552949061662198
"220703",11037,0.523422562141491
"220704",13437,0.514463566459172
"220705",5977,0.480701754385965
"220706",5872,0.597302504816956
"220801",35707,0.454580116290153
"220802",3889,0.387329591018444
"220803",7371,0.529266789895256
"220804",13295,0.562289562289562
"220805",5940,0.460500963391137
"220901",39325,0.427104208416834
"220903",4813,0.341698841698842
"220904",4549,0.515976331360947
"220906",3415,0.579634464751958
"220907",7990,0.514510575504181
"220908",4729,0.288832913518052
"221001",1353,0.37192118226601
"221002",18252,0.533716915995397
"221003",3269,0.553324968632371
"221004",9945,0.523472099202834
"221005",3652,0.342984409799555
"221101",3860,0.374376039933444
"221102",3947,0.517067003792667
"221103",11562,0.416623644811564
"221104",15328,0.460193003618818
"221105",10634,0.477968633308439
"221106",10543,0.33219390926041
"221107",24232,0.480200501253133
"221201",16445,0.475549396159176
"221202",6293,0.50281124497992
"221203",9822,0.470588235294118
"221204",9601,0.46301775147929
"221205",9558,0.394981412639405
"221206",10755,0.508789552988448
"221207",7196,0.605740181268882
"221208",15775,0.451117318435754
"221209",3459,0.529255319148936
"221210",8051,0.554850982878884
"221301",3300,0.532228360957643
"221302",3593,0.46961894953656
"221303",49101,0.49127428383273
"221304",3052,0.609826589595376
"221305",5272,0.441896024464832
"221306",6191,0.532533164876816
"221307",2936,0.450507614213198
"221308",2477,0.466947960618847
"221309",14582,0.481397330303891
"221310",4671,0.604810996563574
"221311",5346,0.539232053422371
"221312",15007,0.538611653192082
"221313",11288,0.449001814882033
"221401",60809,0.449072300366701
"221402",16038,0.522334886270211
"221403",3782,0.636138613861386
"221404",16698,0.554770318021201
"221405",5438,0.505281690140845
"221406",13003,0.471475892528524
"221501",22030,0.452068449908623
"221502",46940,0.53609998786555
"221503",50145,0.475997506234414
"221504",5707,0.425636811832375
"221505",7223,0.450830140485313
"221506",5999,0.609096496619545
"221507",14464,0.562742920599667
"221508",11795,0.452786119452786
"221509",15386,0.547065337763012
"221510",21941,0.506786385466695
"221601",9624,0.476548672566372
"221602",3770,0.627659574468085
"221603",4174,0.466071428571429
"221604",6485,0.436363636363636
"221605",18686,0.468639749117993
"226101",460517,0.381916358787137
"226201",248939,0.410431633081864
"226301",95542,0.474491392801252
"226401",38584,0.357946821815018
"240101",59023,0.355929095354523
"240102",33591,0.376377645567151
"240103",9193,0.338138925294889
"240104",11736,0.453978622327791
"240105",7579,0.343612334801762
"240106",11639,0.359008707300737
"240107",12250,0.408605255558764
"240108",7124,0.435136428913356
"240201",5789,0.62761079979623
"240202",10942,0.526181715256156
"240203",10960,0.466200466200466
"240204",44370,0.536042402826855
"240205",22335,0.594242015294647
"240206",6859,0.395604395604396
"240207",12342,0.760814249363868
"240208",15333,0.700636942675159
"240209",16275,0.578523753435414
"240210",13004,0.488616071428571
"240301",36178,0.405743677668238
"240302",15975,0.381744271988174
"240303",11351,0.272337383845604
"240304",10862,0.603945926196566
"240305",9430,0.521800779865296
"240306",5625,0.449760765550239
"240307",12752,0.36007405121876
"240308",10474,0.49534224382341
"240309",11818,0.756921513843028
"240310",26547,0.503957783641161
"240311",12546,0.510684931506849
"240312",13029,0.592622293504411
"240401",13321,0.53213494213248
"240402",4040,0.554310344827586
"240403",5989,0.58271144278607
"240404",5606,0.422273781902552
"240405",13804,0.60748959778086
"240406",10120,0.632171770503344
"240407",10671,0.523531699727732
"240408",4921,0.524054982817869
"240409",5061,0.529535864978903
"240410",10687,0.574208317436093
"240411",14607,0.611739364566505
"240412",7214,0.504043126684636
"240413",12800,0.491116046640755
"240414",3934,0.605026929982047
"240415",10040,0.597397476340694
"240416",2815,0.248837209302326
"240501",39540,0.491559756920999
"240502",18750,0.426483613817538
"240503",11155,0.525957000524384
"240504",11078,0.456594015515331
"240505",10590,0.314173228346457
"240506",8646,0.359603035610041
"240507",9546,0.472493573264781
"240508",5924,0.491129032258065
"240601",20721,0.521175884404584
"240602",9386,0.52619926199262
"240603",6490,0.484326982175784
"240604",7640,0.723434535104364
"240605",6878,0.481292517006803
"240606",5110,0.604166666666667
"240607",6068,0.443335709194583
"240608",5979,0.579064587973274
"240609",17542,0.558959397033795
"240701",24373,0.503828072531901
"240702",3337,0.618955512572534
"240703",7798,0.571153846153846
"240704",6988,0.493226079593565
"240705",6785,0.657757117954678
"240706",11767,0.659108884787767
"240707",6559,0.555399719495091
"240708",9695,0.385538461538462
"240801",22322,0.522165325530358
"240802",39629,0.391141034727144
"240803",19654,0.575058508859913
"240804",5822,0.571506550218341
"240805",7234,0.516593886462882
"240901",32829,0.473890063424947
"240902",14372,0.633470507544582
"240903",5729,0.59403530127815
"240904",10844,0.460869565217391
"240905",8298,0.491129785247432
"241001",6593,0.459328028293546
"241002",4869,0.593908629441624
"241003",16073,0.644929070506034
"241004",18013,0.658424063480347
"241005",51059,0.465178891946871
"241006",11635,0.632948831706596
"241101",56245,0.365445758616304
"241102",4970,0.519216277317257
"241103",5914,0.363013698630137
"241104",11450,0.323387096774194
"241105",12079,0.247489239598278
"241106",7291,0.361800346220427
"241107",6971,0.320083682008368
"241108",5165,0.426770126091174
"241201",41981,0.555529225908373
"241202",9167,0.545180722891566
"241203",3959,0.671521035598705
"241204",9485,0.528195488721805
"241205",11775,0.666477434005109
"241301",8674,0.583203732503888
"241302",7510,0.534653465346535
"241303",17187,0.557546519641626
"241304",60889,0.463427813528516
"241305",3352,0.473484848484849
"241306",5565,0.522117962466488
"241307",11439,0.498907956318253
"241308",8057,0.477634961439589
"241309",15727,0.456441305079045
"241401",19830,0.503164043485316
"241402",8402,0.601422155688623
"241403",16605,0.571820291077832
"241404",7160,0.742378048780488
"241405",6060,0.5681330472103
"241501",14343,0.467435712569094
"241502",18074,0.421406610299769
"241503",22083,0.505864197530864
"241504",49353,0.470714373238574
"241505",13220,0.474800399201597
"241506",20556,0.455357142857143
"241507",8040,0.574955908289242
"241508",5409,0.476219145093317
"241509",7343,0.553571428571429
"241601",8899,0.301965230536659
"241602",51880,0.375488917861799
"241603",2801,0.322239031770045
"241604",6310,0.225235849056604
"241605",16226,0.391210374639769
"241606",9469,0.417387883556255
"241607",8955,0.288071502234445
"241608",8107,0.321711568938193
"241609",5281,0.332738626226583
"241610",4828,0.167922497308934
"241701",32431,0.489786934319422
"241702",6721,0.681963288108539
"241703",5979,0.495072735804787
"241704",13572,0.505841924398625
"241705",2452,0.595061728395062
"241706",10222,0.602759622367465
"241707",4413,0.599356395816573
"241708",13736,0.625
"241709",10127,0.777970813064628
"241710",12947,0.664735317355807
"241711",9174,0.551445578231292
"241712",3479,0.587073608617594
"241713",8078,0.601010101010101
"241714",4742,0.629783693843594
"241715",15070,0.549737161342499
"246101",174503,0.503678636713852
"246201",176106,0.469169012615994
"246301",111536,0.401407174779563
"246401",235798,0.472526135160462
"246501",125475,0.365054123423725
"246601",186868,0.404536492365852
"246701",92105,0.462787414279952
"246801",94580,0.358570563294973
"246901",309304,0.38828811346717
"247001",75428,0.486761625471303
"247101",57745,0.667222550971004
"247201",143024,0.437599318302204
"247301",140944,0.53796883254094
"247401",69992,0.411405974558102
"247501",215262,0.369573012220994
"247601",52813,0.450575202386025
"247701",129322,0.475430659862278
"247801",180332,0.439675673227187
"247901",62110,0.524277612746422
"260101",32951,0.471804318902876
"260102",4596,0.608326253186066
"260103",6350,0.524490919097413
"260104",7795,0.537584240539139
"260105",5119,0.195604395604396
"260106",7887,0.366759517177344
"260107",3827,0.347929936305732
"260108",5764,0.579536967886482
"260201",4484,0.624087591240876
"260202",29036,0.563186466355258
"260203",11829,0.663561076604555
"260204",5209,0.533955857385399
"260205",4742,0.586917562724014
"260206",12965,0.560866983372922
"260207",4398,0.559546313799622
"260208",8449,0.625850340136055
"260209",7440,0.496500233317779
"260301",4315,0.471980074719801
"260302",4027,0.500924214417745
"260303",16877,0.568251533742331
"260304",3486,0.47037484885127
"260305",6835,0.470652770159078
"260401",10135,0.631627906976744
"260402",11789,0.486878182530356
"260403",15082,0.513057671381937
"260404",11601,0.586137954015328
"260405",15516,0.625246548323471
"260406",13605,0.628872999659516
"260407",7000,0.381291028446389
"260408",9059,0.594674556213018
"260409",10381,0.528636176349403
"260410",10782,0.440772372818418
"260411",9399,0.425076452599388
"260412",14910,0.501371742112483
"260413",9748,0.482053838484546
"260414",15966,0.59851411589896
"260415",4812,0.502912621359223
"260416",5830,0.517868745938921
"260417",7492,0.574699484831139
"260418",10254,0.408635312259059
"260419",12900,0.49647243271492
"260501",4739,0.829581993569132
"260502",4751,0.729515418502203
"260503",36923,0.567681895093063
"260504",9229,0.76875
"260505",3289,0.649157581764123
"260506",3497,0.593341260404281
"260507",3763,0.53023758099352
"260508",18066,0.583371194911404
"260601",5091,0.519036519036519
"260602",6970,0.607103825136612
"260603",5662,0.641274238227147
"260604",12423,0.506756756756757
"260605",11233,0.435951875442321
"260606",4168,0.430837004405286
"260607",5536,0.629985228951256
"260608",4330,0.310989867498051
"260701",73300,0.45535376466137
"260702",3788,0.489769820971867
"260703",13689,0.443465491923642
"260704",7798,0.441848390446521
"260705",10151,0.550399201596806
"260706",7107,0.498157248157248
"260801",5335,0.484937545922116
"260802",4509,0.68613775065388
"260803",4801,0.668407310704961
"260804",21744,0.544501002622243
"260805",4737,0.371826371826372
"260901",24801,0.526295970879879
"260902",9086,0.507187780772686
"260903",8541,0.557839388145316
"260904",6978,0.611415525114155
"260905",7524,0.567134268537074
"260906",6680,0.468328141225338
"260907",8762,0.497250589159466
"260908",3836,0.45360824742268
"260909",4683,0.631505898681471
"261001",48304,0.505311548735789
"261002",8504,0.630923887027286
"261003",5317,0.81839762611276
"261004",6254,0.576548899129544
"261005",10706,0.609087979374799
"261101",52088,0.497984395318596
"261102",11140,0.498931623931624
"261103",8442,0.627362736273627
"261104",15345,0.615848147032239
"261105",7202,0.599112426035503
"261201",7988,0.582207207207207
"261202",4332,0.630983463881636
"261203",3949,0.435749588138385
"261204",7863,0.556341586659929
"261205",12046,0.519472159639524
"261206",6433,0.590840840840841
"261207",26692,0.441222459132907
"261208",4823,0.435259692757864
"261301",5266,0.58675305975522
"261302",10824,0.674330946098756
"261303",2790,0.45828437132785
"261304",2561,0.604724409448819
"261305",4981,0.605326876513317
"261306",20289,0.592898014136654
"266101",201815,0.458780169775673
"280101",24827,0.572283669486012
"280102",4400,0.499142367066895
"280103",11116,0.643771827706636
"280104",6792,0.584007187780773
"280105",7159,0.549303944315545
"280106",6744,0.611338797814208
"280201",17584,0.352446183953033
"280202",6363,0.480263157894737
"280203",3739,0.419282511210762
"280204",3083,0.536619718309859
"280205",6720,0.514784946236559
"280206",2639,0.44264943457189
"280207",3148,0.421669106881406
"280301",21582,0.443538379719908
"280302",9777,0.489589195272932
"280303",7359,0.424828446662508
"280304",14710,0.551766138855055
"280305",5924,0.595144870790916
"280306",7384,0.619358346927678
"280401",7198,0.531655225019069
"280402",3321,0.717261904761905
"280403",5170,0.500542888165038
"280404",4219,0.60352422907489
"280405",3229,0.573089700996678
"280406",4612,0.466725820763088
"280407",19716,0.483925549915398
"280408",4071,0.553398058252427
"280409",6875,0.485528219971056
"280501",59274,0.527497801528783
"280502",10980,0.459835221421215
"280503",7059,0.645248868778281
"280504",7556,0.573591253153911
"280505",3969,0.446891191709845
"280601",30121,0.402671755725191
"280604",8103,0.512178148921364
"280605",3137,0.665123456790123
"280606",3907,0.522255192878338
"280608",5894,0.461601307189542
"280610",6597,0.529129540781357
"280701",33304,0.357575757575758
"280702",9975,0.424422673198041
"280703",12756,0.455960516324981
"280704",6210,0.577121771217712
"280705",10604,0.441709401709402
"280706",13099,0.452170418006431
"280707",7099,0.514907332796132
"280801",28363,0.436614173228346
"280802",6753,0.447528187337381
"280803",8470,0.537508602890571
"280804",10579,0.627649769585253
"280805",8155,0.429523321373655
"280806",4104,0.495278069254984
"280901",16612,0.428268700995974
"280902",3399,0.679075738125802
"280903",6823,0.640394088669951
"280904",3654,0.57427258805513
"280905",12600,0.56864064602961
"281001",22244,0.49003164556962
"281002",8521,0.484422110552764
"281003",7893,0.47013352073085
"281004",7953,0.539551357733176
"281005",4738,0.508305647840532
"281101",3395,0.525
"281102",2881,0.5552
"281103",6325,0.548618219037871
"281104",21670,0.482956584140653
"281201",11162,0.448402948402948
"281202",9641,0.477704536642109
"281203",6392,0.670454545454545
"281204",9092,0.612453531598513
"281205",8053,0.548976203652463
"281303",5386,0.594246031746032
"281304",22193,0.552117863720074
"281305",3997,0.62516733601071
"281306",3462,0.634078212290503
"281401",17190,0.54794163626889
"281402",19371,0.344588926174497
"281403",16182,0.516836335160533
"281404",10642,0.428757037678649
"281405",6066,0.44921875
"281406",8043,0.517146776406036
"281407",6799,0.505813953488372
"281408",3391,0.470491803278689
"281409",13944,0.427627000695894
"281410",8238,0.449856733524355
"281411",6775,0.352564102564103
"281412",4213,0.673157162726008
"281501",34058,0.433088377489847
"281502",4499,0.506172839506173
"281503",5817,0.466807165437302
"281504",4507,0.456117021276596
"281505",6518,0.467465753424658
"281506",5812,0.542990654205607
"281507",5078,0.357340720221607
"281508",25195,0.608270042194093
"281509",15901,0.394433511385999
"281601",12355,0.664189667374381
"281602",9517,0.295791114575214
"281603",27974,0.46731843575419
"281604",8508,0.449744463373083
"281701",25107,0.438598810310641
"281702",6796,0.437181663837012
"281703",3719,0.545673076923077
"281704",5419,0.500527983104541
"281705",5783,0.515004055150041
"281706",11888,0.517241379310345
"281707",6138,0.371037463976945
"281708",6589,0.52859477124183
"281801",3947,0.478390461997019
"281802",3114,0.347639484978541
"281803",20475,0.293271359008411
"281901",3002,0.629277566539924
"281902",3447,0.627972027972028
"281903",17287,0.46873508353222
"286101",124257,0.441364445224191
"286201",175420,0.382637508283632
"300101",19693,0.300960827790096
"300102",8422,0.602642756016989
"300103",5773,0.411654135338346
"300104",6395,0.322997416020672
"300105",7563,0.360922659430122
"300201",11405,0.359857179290997
"300202",11147,0.480664980122877
"300203",6013,0.491279069767442
"300204",8809,0.421483841602185
"300205",7389,0.432520325203252
"300206",6228,0.580263157894737
"300207",24474,0.529058116232465
"300208",12722,0.43236074270557
"300301",70263,0.417690631808279
"300302",7217,0.553896406906206
"300303",10036,0.579253514299564
"300304",5363,0.521509433962264
"300305",7574,0.51031894934334
"300306",6040,0.538062283737024
"300307",4055,0.48314606741573
"300308",5657,0.410714285714286
"300309",14395,0.571844943165258
"300310",13696,0.523012552301255
"300401",7644,0.641008174386921
"300402",27917,0.52402896642528
"300403",12984,0.582694763729246
"300404",6013,0.444382336500838
"300405",8531,0.514659685863874
"300406",5159,0.482332155477032
"300407",7963,0.526102088167053
"300501",5042,0.506920415224913
"300502",19296,0.411483253588517
"300503",6532,0.470446320868516
"300504",12896,0.479277364505845
"300505",6867,0.581309398099261
"300601",8388,0.527612574341546
"300602",45405,0.499160067194624
"300603",7228,0.565831727681439
"300604",10510,0.593297476210178
"300701",9653,0.54012474012474
"300702",5832,0.494497936726272
"300703",4781,0.5
"300704",8967,0.646240764884833
"300705",7531,0.535714285714286
"300706",5401,0.369764397905759
"300707",4903,0.556556556556557
"300708",10737,0.469519343493552
"300709",7291,0.58742415885273
"300710",7949,0.577906415822479
"300711",9278,0.610683933630109
"300801",7760,0.512135922330097
"300802",5951,0.59190031152648
"300803",24790,0.436748237245956
"300804",5315,0.56235997012696
"300805",3849,0.516571428571429
"300806",3962,0.53384912959381
"300807",4861,0.550191570881226
"300901",23224,0.455626097528029
"300902",8079,0.537477954144621
"300903",3354,0.61437125748503
"300904",6589,0.655259184700554
"300905",5687,0.603448275862069
"300906",13411,0.56621480709072
"300907",7476,0.520169851380042
"300908",6641,0.546444586803331
"300909",4722,0.644300727566694
"300910",6001,0.639087018544936
"300911",4339,0.608153078202995
"301001",11798,0.628352490421456
"301002",5288,0.635017421602787
"301003",11145,0.602675059008655
"301004",9974,0.543823038397329
"301005",10653,0.640926640926641
"301006",7511,0.637343927355278
"301007",8381,0.648269410664172
"301008",7083,0.686558167570826
"301009",6230,0.700617283950617
"301010",10556,0.712219261515036
"301011",11349,0.567091454272864
"301012",13876,0.608608608608609
"301013",7638,0.7036158861885
"301014",6387,0.666881443298969
"301101",24130,0.321239509360878
"301102",11432,0.393165467625899
"301103",15617,0.391823732413061
"301104",10069,0.630560131795717
"301105",17647,0.533076574535569
"301201",2876,0.432467532467532
"301202",8202,0.49274705349048
"301203",13611,0.444503593292521
"301204",40790,0.37900509204857
"301205",5193,0.447823082239115
"301206",7322,0.470181043663472
"301301",8438,0.516351911561492
"301302",6895,0.510594668489405
"301303",8897,0.516626506024096
"301304",8534,0.511406844106464
"301305",7505,0.502320185614849
"301306",3722,0.587378640776699
"301307",9022,0.550376647834275
"301401",3381,0.374692874692875
"301402",6289,0.374803149606299
"301403",18625,0.41222366710013
"301404",8786,0.344924812030075
"301501",5636,0.470397404703974
"301502",9340,0.504858657243816
"301503",3684,0.455375253549696
"301504",25423,0.423794596208389
"301505",16098,0.39746597841389
"301506",13565,0.464805119255381
"301601",33040,0.402991892200525
"301602",18237,0.485508874410245
"301603",7382,0.421844660194175
"301701",72907,0.437808929584312
"301702",15172,0.545338441890166
"301703",14274,0.620705882352941
"301704",18629,0.48498023715415
"301705",11846,0.503260225251926
"301706",11786,0.552397260273973
"301707",9645,0.61631419939577
"301708",6572,0.529706066291432
"301801",2527,0.509774436090226
"301802",5250,0.530441400304414
"301803",7856,0.496653919694073
"301804",6092,0.434210526315789
"301805",3653,0.472131147540984
"301806",6169,0.609240924092409
"301807",23940,0.344285943260138
"301901",74818,0.358661516803234
"301902",4978,0.503063308373043
"301903",7804,0.501458670988655
"301904",9866,0.589058128691327
"301905",3260,0.480322003577818
"301906",8549,0.355635615028307
"301907",8143,0.383667883211679
"301908",14292,0.423421406180027
"301909",6849,0.582236842105263
"302001",4781,0.530909090909091
"302002",4878,0.521472392638037
"302003",8330,0.507062834875792
"302004",4685,0.58948432760364
"302005",10267,0.53940110323089
"302006",30284,0.488450074515648
"302101",30066,0.425514688873467
"302102",9812,0.337819650067295
"302103",12297,0.4673004897724
"302104",26285,0.424005394470668
"302105",19391,0.407092907092907
"302106",6384,0.48841961852861
"302107",20890,0.407757805108798
"302108",17242,0.448370927318296
"302109",21495,0.398341049382716
"302110",28515,0.508296827293243
"302111",16530,0.414766839378238
"302112",18368,0.401413266469113
"302113",13294,0.405335628227194
"302114",14600,0.431433408577878
"302115",15253,0.35258358662614
"302116",45160,0.384668721109399
"302117",22301,0.293293916290649
"302201",8957,0.479818365287588
"302202",7099,0.621808510638298
"302203",9424,0.460348162475822
"302204",4752,0.45958795562599
"302205",30216,0.421998031496063
"302301",14186,0.384813938481394
"302302",5735,0.528159340659341
"302303",3925,0.650148662041625
"302304",5128,0.493067590987868
"302305",2209,0.517150395778364
"302306",9314,0.557534906114588
"302307",10151,0.520597738287561
"302308",9144,0.501240694789082
"302401",2363,0.641653905053599
"302402",8517,0.35767707875055
"302403",7766,0.406683480453972
"302404",4407,0.568544102019129
"302405",4965,0.489181561618062
"302406",12463,0.304741769858049
"302407",29404,0.381498009890242
"302408",18976,0.318824404761905
"302501",2964,0.442166910688141
"302502",6729,0.600125549278092
"302503",9126,0.530126336248785
"302504",31013,0.425921577835173
"302505",6587,0.53798641136504
"302601",4918,0.405986903648269
"302602",5873,0.581306990881459
"302603",8543,0.514851485148515
"302604",41188,0.441665940576806
"302701",28843,0.419869839332927
"302702",6028,0.628418945963976
"302703",6359,0.632781267846944
"302704",5265,0.731391585760518
"302705",6545,0.673881673881674
"302706",4333,0.405501330967169
"302707",10628,0.651806302843966
"302708",8647,0.6
"302709",8113,0.695774647887324
"302801",25313,0.308942065491184
"302802",5601,0.53441802252816
"302803",8546,0.435082343929529
"302804",6080,0.701653944020356
"302805",9148,0.480166051660517
"302806",3117,0.453254437869823
"302807",11774,0.460890915468257
"302901",13837,0.476718403547672
"302902",12420,0.27753164556962
"302903",30330,0.354687678428686
"303001",6134,0.589473684210526
"303002",10390,0.40748031496063
"303003",7161,0.499449339207048
"303004",7281,0.559233449477352
"303005",45362,0.47085054757689
"303101",18756,0.365084473049075
"303102",11766,0.480188045668234
"303103",7524,0.51925820256776
"303104",5664,0.343220338983051
"303105",9001,0.432494279176201
"303106",3126,0.571084337349398
"303107",4919,0.519439133205864
"303108",9536,0.543310875842156
"306101",105122,0.455911851956491
"306201",78209,0.455641343142254
"306301",64713,0.379022066686109
"306401",553564,0.390966342937553
"320101",24861,0.634958032690325
"320102",8015,0.61631419939577
"320103",9405,0.619601328903654
"320104",7022,0.604109589041096
"320201",4868,0.485243055555556
"320202",22406,0.474890829694323
"320203",5319,0.403536977491961
"320204",3876,0.472566371681416
"320205",8108,0.378743961352657
"320206",5771,0.503092783505155
"320301",11986,0.498511904761905
"320302",16747,0.523313609467456
"320303",7356,0.508250825082508
"320304",2630,0.585585585585586
"320305",4430,0.600598354525056
"320306",15677,0.53585798816568
"320402",35164,0.372534142640364
"320403",8661,0.385985066053992
"320404",24989,0.374825174825175
"320405",2991,0.457680250783699
"320406",5238,0.543874891398784
"320407",4902,0.388834476003918
"320501",3843,0.646280991735537
"320502",24066,0.464291271199627
"320503",4181,0.559496567505721
"320504",9201,0.633774568792619
"320507",3791,0.345786963434022
"320508",16755,0.519925611052072
"320601",6555,0.510955302366345
"320602",4467,0.515695067264574
"320603",14061,0.5
"320604",32144,0.605071315372425
"320605",7476,0.632990867579909
"320606",4435,0.548736462093863
"320607",3867,0.567099567099567
"320608",5676,0.396934865900383
"320609",5591,0.532454361054767
"320701",4112,0.406792452830189
"320702",6070,0.338471023427867
"320703",14655,0.433962264150943
"320704",6699,0.424392662369856
"320705",4357,0.494638069705094
"320706",12498,0.450610820244328
"320801",47078,0.446564885496183
"320802",5591,0.53946053946054
"320803",5218,0.578421578421578
"320804",10152,0.532490187527257
"320805",4137,0.545951859956236
"320806",3702,0.591111111111111
"320807",3652,0.433078393881453
"320901",8505,0.549057515708071
"320902",6144,0.438176197836167
"320903",9807,0.553023255813954
"320904",6809,0.443766937669377
"320905",5103,0.463112213267204
"320906",9183,0.615548455804047
"320907",13649,0.59549859331041
"320908",6518,0.540270848182466
"321001",19834,0.471313131313131
"321002",2955,0.490740740740741
"321003",21068,0.507552285050349
"321004",20716,0.484830219007434
"321005",3423,0.588045234248788
"321101",17511,0.302439024390244
"321102",11020,0.377285851780558
"321103",1702,0.358778625954198
"321104",42093,0.432480933153881
"321201",3153,0.423076923076923
"321202",2625,0.549319727891156
"321203",6174,0.609899823217443
"321204",5384,0.525525525525526
"321205",19829,0.423793165792804
"321206",3607,0.642225031605563
"321301",14390,0.586695485110471
"321302",13105,0.610893927547563
"321303",7982,0.636764705882353
"321304",6631,0.747794117647059
"321305",7081,0.691828254847645
"321306",8908,0.695985832349469
"321401",69771,0.473534353995519
"321402",6075,0.475609756097561
"321403",5103,0.499105545617174
"321404",8124,0.585381222432262
"321405",3619,0.415051311288483
"321406",4614,0.485010706638116
"321408",3221,0.367684478371501
"321409",3703,0.555045871559633
"321410",12315,0.606542056074766
"321411",4354,0.558166862514689
"321501",40799,0.508660331085224
"321502",8943,0.4903981264637
"321503",5408,0.387806943268417
"321504",9827,0.442229270502945
"321505",5078,0.58291956305859
"321506",9497,0.565287479849543
"321601",15898,0.412511542012927
"321602",2902,0.586890243902439
"321603",16062,0.477035722209896
"321604",3864,0.622093023255814
"321605",4253,0.586448598130841
"321606",6202,0.609386281588448
"321701",26466,0.354781582054309
"321702",5106,0.482090997095837
"321703",5617,0.292331055429005
"321704",5093,0.509693053311793
"321705",12711,0.502704791344668
"321801",4507,0.514473684210526
"321802",14514,0.420888542478566
"321803",3737,0.498502994011976
"321804",8378,0.474613686534216
"321805",7272,0.608868299139643
"326101",109233,0.445744680851064
"326201",409596,0.402525684331507
"326301",41516,0.372093023255814
